{
  "version": "2019.2",
  "applications": [],
  "platforms": [],
  "systems": [
    {
      "name": "FSBL_system",
      "platform": "/home/kampi/Schreibtisch/Git/Zybo-Linux/vivado/SimpleLinux/software/System_wrapper/export/System_wrapper/System_wrapper.xpfm",
      "sysConfig": "System_wrapper",
      "applications": [
        {
          "name": "FSBL",
          "platform": "/home/kampi/Schreibtisch/Git/Zybo-Linux/vivado/SimpleLinux/software/System_wrapper/export/System_wrapper/System_wrapper.xpfm",
          "platformPath": "/home/kampi/Schreibtisch/Git/Zybo-Linux/vivado/SimpleLinux/software/System_wrapper/export/System_wrapper",
          "sysConfig": "System_wrapper",
          "domain": "standalone_domain",
          "system": "FSBL_system"
        }
      ],
      "platformPath": "/home/kampi/Schreibtisch/Git/Zybo-Linux/vivado/SimpleLinux/software/System_wrapper/export/System_wrapper"
    }
  ],
  "others": []
}